p,ω_classical,ω_highorder
2,1.2181176114168595,1.1728762637162735
4,1.008526953705753,1.008526953705753
8,0.8795806340156368,0.8795806340156368
16,0.8046736861365273,0.8046736861365273
