p,ω_classical,ω_highorder
2,1.218117611416859,1.1728762637162735
4,1.0085269537057524,1.0085269537057524
8,0.8795806340156362,0.8795806340156362
