p,ω_classical,ω_highorder
2,1.0000000000000002,0.8381346147406376
4,0.9114731737026648,0.8545152818638535
8,0.8235654204608731,0.8066714492123014
16,0.7515343568509523,0.7485946457236486
