p,ω_classical,ω_highorder
2,1.0000000000000002,0.8381346147406376
4,0.9114731737026649,0.8545152818638532
8,0.8235654204608711,0.8066714492123008
16,0.7515343568509513,0.7485946457236492
