p,ω_classical,ω_highorder
2,1.218117611416859,1.1728762637162735
4,1.0085269537057533,1.0085269537057533
8,0.8795806340156366,0.8795806340156366
